YR,Name,PlayerId,Tm,FantPos,Age,G,GS,PCmp,PAtt,PYds,PTD,Int,RAtt,RYds,RY/A,RTD,Tgt,Rec,ReYds,ReY/R,ReTD,FantPt,PosRank,OvRank
2014,DeMarco Murray*+,MurrDe00,DAL,RB,26,16,16,0,0,0,0,0,392,1845,4.71,13,64,57,416,7.3,0,294,1,1
2014,Le'Veon Bell*+,BellLe00,PIT,RB,22,16,16,0,0,0,0,0,290,1361,4.69,8,105,83,854,10.29,3,288,2,2
2014,Marshawn Lynch*,LyncMa00,SEA,RB,28,16,14,0,0,0,0,0,280,1306,4.66,13,48,37,367,9.92,4,265,3,3
2014,Antonio Brown*+,BrowAn04,PIT,WR,26,16,16,2,2,20,1,0,4,13,3.25,0,181,129,1698,13.16,13,252,1,4
2014,Matt Forte,FortMa00,CHI,RB,29,16,16,0,0,0,0,0,266,1038,3.9,6,130,102,808,7.92,4,245,4,5
2014,Arian Foster*,FostAr00,HOU,RB,28,13,13,1,1,5,1,0,260,1246,4.79,8,59,38,327,8.61,5,236,5,6
2014,Eddie Lacy,LacyEd00,GNB,RB,23,16,16,0,0,0,0,0,246,1139,4.63,9,55,42,427,10.17,4,231,6,7
2014,Jordy Nelson*,NelsJo00,GNB,WR,29,16,16,0,0,0,0,0,0,0,,0,151,98,1519,15.5,13,230,2,8
2014,Demaryius Thomas*,ThomDe03,DEN,WR,27,16,16,0,0,0,0,0,0,0,,0,184,111,1619,14.59,11,230,3,9
2014,Dez Bryant*+,BryaDe01,DAL,WR,26,16,16,0,0,0,0,0,0,0,,0,136,88,1320,15,16,228,4,10
2014,Rob Gronkowski*+,GronRo00,NWE,TE,25,15,10,0,0,0,0,0,0,0,,0,131,82,1124,13.71,12,184,1,11
2014,Aaron Rodgers*+,RodgAa00,GNB,QB,31,16,16,341,520,4381,38,5,43,269,6.26,2,0,0,0,,0,358,1,12
2014,Jamaal Charles*,CharJa00,KAN,RB,28,15,15,0,0,0,0,0,206,1033,5.01,9,59,40,291,7.28,5,210,7,13
2014,Andrew Luck*,LuckAn00,IND,QB,25,16,16,380,616,4761,40,16,64,273,4.27,3,0,0,0,,0,356,2,14
2014,Justin Forsett*,ForsJu00,BAL,RB,29,16,14,0,0,0,0,0,235,1266,5.39,8,59,44,263,5.98,0,205,8,15
2014,Odell Beckham*,BeckOd00,NYG,WR,22,12,11,0,1,0,0,0,7,35,5,0,130,91,1305,14.34,12,204,5,16
2014,Randall Cobb*,CobbRa00,GNB,WR,24,16,16,0,0,0,0,0,11,37,3.36,0,127,91,1287,14.14,12,202,6,17
2014,Emmanuel Sanders*,SandEm00,DEN,WR,27,16,16,0,0,0,0,0,8,44,5.5,0,141,101,1404,13.9,9,201,7,18
2014,Julio Jones*,JoneJu02,ATL,WR,25,15,15,0,0,0,0,0,1,1,1,0,163,104,1593,15.32,6,193,8,19
2014,Jeremy Maclin*,MaclJe00,PHI,WR,26,16,16,0,0,0,0,0,0,0,,0,143,85,1318,15.51,10,192,9,20
2014,Lamar Miller,MillLa01,MIA,RB,23,16,16,0,0,0,0,0,216,1099,5.09,8,52,38,275,7.24,1,185,9,21
2014,Russell Wilson,WilsRu00,SEA,QB,26,16,16,285,452,3475,20,7,118,849,7.19,6,1,1,17,17,0,332,3,22
2014,Jeremy Hill,HillJe01,CIN,RB,22,16,8,0,0,0,0,0,222,1124,5.06,9,32,27,215,7.96,0,184,10,23
2014,Antonio Gates,GateAn00,SDG,TE,34,16,14,0,0,0,0,0,0,0,,0,98,69,821,11.9,12,154,2,24
2014,C.J. Anderson*,AndeC.00,DEN,RB,23,15,7,0,0,0,0,0,179,849,4.74,8,44,34,324,9.53,2,177,11,25
2014,T.Y. Hilton*,HiltT.00,IND,WR,25,15,15,0,0,0,0,0,2,20,10,0,131,82,1345,16.4,7,179,10,26
2014,Jimmy Graham*,GrahJi00,NOR,TE,28,16,13,0,0,0,0,0,0,0,,0,125,85,889,10.46,10,145,3,27
2014,Mike Evans,EvanMi00,TAM,WR,21,15,15,0,0,0,0,0,0,0,,0,122,68,1051,15.46,12,177,11,28
2014,Alshon Jeffery,JeffAl00,CHI,WR,24,16,16,0,0,0,0,0,6,33,5.5,0,145,85,1133,13.33,10,177,12,29
2014,LeSean McCoy*,McCoLe01,PHI,RB,26,16,16,0,0,0,0,0,312,1319,4.23,5,37,28,155,5.54,0,171,12,30
2014,Alfred Morris*,MorrAl00,WAS,RB,26,16,16,0,0,0,0,0,265,1074,4.05,8,26,17,155,9.12,0,171,13,31
2014,Peyton Manning*,MannPe00,DEN,QB,38,16,16,395,597,4727,39,15,24,-24,-1,0,0,0,0,,0,313,4,32
2014,Joique Bell,BellJo01,DET,RB,28,15,6,0,0,0,0,0,223,860,3.86,7,53,34,322,9.47,1,166,14,33
2014,Greg Olsen*,OlseGr00,CAR,TE,29,16,16,0,0,0,0,0,0,0,,0,123,84,1008,12,6,137,4,34
2014,Ben Roethlisberger*,RoetBe00,PIT,QB,32,16,16,408,608,4952,32,9,33,27,0.82,0,0,0,-6,,0,310,5,35
2014,Mark Ingram*,IngrMa01,NOR,RB,25,13,9,0,0,0,0,0,226,964,4.27,9,36,29,145,5,0,163,15,36
2014,Martellus Bennett*,BennMa00,CHI,TE,27,16,15,0,0,0,0,0,0,0,,0,128,90,916,10.18,6,132,5,37
2014,Drew Brees*,BreeDr00,NOR,QB,35,16,16,456,659,4952,33,17,27,68,2.52,1,1,1,1,1,0,305,6,38
2014,Golden Tate*,TateGo00,DET,WR,26,16,16,0,0,0,0,0,5,30,6,0,144,99,1331,13.44,4,162,13,39
2014,Coby Fleener,FleeCo00,IND,TE,26,16,12,0,0,0,0,0,0,0,,0,92,51,774,15.18,8,125,6,40
2014,Calvin Johnson*,JohnCa00,DET,WR,29,13,13,0,0,0,0,0,0,0,,0,128,71,1077,15.17,8,156,14,41
2014,DeAndre Hopkins,HopkDe00,HOU,WR,22,16,16,0,0,0,0,0,0,0,,0,127,76,1210,15.92,6,155,15,42
2014,Kelvin Benjamin,BenjKe00,CAR,WR,23,16,15,0,0,0,0,0,0,0,,0,145,73,1008,13.81,9,155,16,43
2014,Matt Asiata,AsiaMa00,MIN,RB,27,15,9,0,0,0,0,0,164,570,3.48,9,63,44,312,7.09,1,150,16,44
2014,Julius Thomas*,ThomJu00,DEN,TE,26,13,10,0,0,0,0,0,0,0,,0,62,43,489,11.37,12,121,7,45
2014,DeSean Jackson,JackDe00,WAS,WR,28,15,13,0,0,0,0,0,4,7,1.75,0,95,56,1169,20.88,6,154,17,46
2014,Frank Gore,GoreFr00,SFO,RB,31,16,16,0,0,0,0,0,255,1106,4.34,4,19,11,111,10.09,1,148,17,47
2014,Giovani Bernard,BernGi00,CIN,RB,23,13,9,0,0,0,0,0,168,680,4.05,5,59,43,349,8.12,2,145,18,48
2014,Delanie Walker,WalkHu00,TEN,TE,30,15,14,0,0,0,0,0,0,0,,0,106,63,890,14.13,4,113,8,49
2014,Mike Wallace,WallMi00,MIA,WR,28,16,16,0,1,0,0,0,4,16,4,0,115,67,862,12.87,10,146,18,50
2014,Travis Kelce,KelcTr00,KAN,TE,25,16,11,0,0,0,0,0,0,0,,0,87,67,862,12.87,5,110,9,51
2014,Torrey Smith,SmitTo02,BAL,WR,25,16,16,0,0,0,0,0,0,0,,0,92,49,767,15.65,11,143,19,52
2014,Matt Ryan*,RyanMa00,ATL,QB,29,16,16,415,628,4694,28,14,29,145,5,0,0,0,0,,0,284,7,53
2014,Steve Smith,SmitSt01,BAL,WR,35,16,16,0,0,0,0,0,0,0,,0,134,79,1065,13.48,6,141,20,54
2014,Chris Ivory,IvorCh00,NYJ,RB,26,16,10,0,0,0,0,0,198,821,4.15,6,27,18,123,6.83,1,134,19,55
2014,Tom Brady*,BradTo00,NWE,QB,37,16,16,373,582,4109,33,9,36,57,1.58,0,0,0,0,,0,280,8,56
2014,Anquan Boldin,BoldAn00,SFO,WR,34,16,16,0,1,0,0,0,1,4,4,0,130,83,1062,12.8,5,137,21,57
2014,Brandon LaFell,LaFeBr00,NWE,WR,28,16,13,0,0,0,0,0,2,13,6.5,0,119,74,953,12.88,7,137,22,58
2014,A.J. Green*,GreeA.00,CIN,WR,26,13,13,0,0,0,0,0,2,2,1,0,117,69,1041,15.09,6,136,23,59
2014,Ryan Tannehill,TannRy00,MIA,QB,26,16,16,392,590,4045,27,12,56,311,5.55,1,1,1,-4,-4,0,279,9,60
2014,Andre Ellington,ElliAn00,ARI,RB,25,12,12,0,0,0,0,0,201,660,3.28,3,64,46,395,8.59,2,132,20,61
2014,Jordan Matthews,MattJo00,PHI,WR,22,16,10,0,0,0,0,0,0,0,,0,103,67,872,13.01,8,135,24,62
2014,Jason Witten*,WittJa00,DAL,TE,32,16,16,0,0,0,0,0,0,0,,0,90,64,703,10.98,5,100,10,63
2014,Sammy Watkins,WatkSa00,BUF,WR,21,16,16,0,0,0,0,0,2,8,4,0,128,65,982,15.11,6,133,25,64
2014,Julian Edelman,EdelJu00,NWE,WR,28,14,13,0,0,0,0,0,10,94,9.4,0,134,92,972,10.57,4,133,26,65
2014,Roddy White,WhitRo00,ATL,WR,33,14,14,0,0,0,0,0,0,0,,0,125,80,921,11.51,7,132,27,66
2014,Eli Manning,MannEl00,NYG,QB,33,16,16,379,601,4410,30,14,12,31,2.58,1,0,0,0,,0,270,10,67
2014,Andre Williams,WillAn00,NYG,WR,22,16,7,0,0,0,0,0,217,721,3.32,7,37,18,130,7.22,0,127,28,68
2014,Heath Miller,MillHe00,PIT,TE,32,16,16,0,0,0,0,0,0,0,,0,91,66,761,11.53,3,94,11,69
2014,Fred Jackson,JackFr02,BUF,RB,33,14,9,0,1,0,0,0,141,525,3.72,2,90,66,501,7.59,1,123,21,70
2014,Eric Decker,DeckEr00,NYJ,WR,27,15,15,0,0,0,0,0,0,0,,0,115,74,962,13,5,126,29,71
2014,Steven Jackson,JackSt00,ATL,RB,31,15,15,0,0,0,0,0,190,707,3.72,6,27,20,148,7.4,0,122,22,72
2014,Jonathan Stewart,StewJo00,CAR,RB,27,13,8,0,0,0,0,0,175,809,4.62,3,31,25,181,7.24,1,121,23,73
2014,Tony Romo*,RomoTo00,DAL,QB,34,15,15,304,435,3705,34,9,26,61,2.35,0,0,0,0,,0,266,11,74
2014,Philip Rivers,RivePh00,SDG,QB,33,16,16,379,570,4286,31,18,37,102,2.76,0,0,0,0,,0,266,12,75
2014,Mohamed Sanu,SanuMo00,CIN,WR,25,16,13,3,3,79,1,0,7,51,7.29,0,98,56,790,14.11,5,123,30,76
2014,Larry Donnell,DonnLa00,NYG,TE,26,16,12,0,0,0,0,0,0,0,,0,92,63,623,9.89,6,90,12,78
2014,Joe Flacco,FlacJo00,BAL,QB,29,16,16,344,554,3986,27,12,39,70,1.79,2,0,0,0,,0,262,13,
2014,Jay Cutler,CutlJa00,CHI,QB,31,15,15,370,561,3812,28,18,39,191,4.9,2,0,0,0,,0,256,14,
2014,Matthew Stafford*,StafMa00,DET,QB,26,16,16,363,602,4257,22,12,43,93,2.16,2,0,0,0,,0,254,15,
2014,Colin Kaepernick,KaepCo00,SFO,QB,27,16,16,289,478,3369,19,10,104,639,6.14,1,0,0,0,,0,251,16,
2014,Cam Newton,NewtCa00,CAR,QB,25,14,14,262,448,3127,18,12,103,539,5.23,5,0,0,0,,0,249,17,
2014,Andy Dalton*,DaltAn00,CIN,QB,27,16,16,309,481,3398,19,17,60,169,2.82,4,1,1,18,18,1,225,18,
2014,Alex Smith,SmitAl03,KAN,QB,30,15,15,303,464,3265,18,6,49,254,5.18,1,0,0,0,,0,224,19,
2014,Derek Carr,CarrDe02,OAK,QB,23,16,16,348,599,3270,21,12,29,92,3.17,0,1,0,0,,0,192,20,
2014,Teddy Bridgewater,BridTe00,MIN,QB,22,13,12,259,402,2919,14,12,47,209,4.45,1,0,0,0,,0,180,22,
2014,Ryan Fitzpatrick,FitzRy00,HOU,QB,32,12,12,197,312,2483,17,8,50,184,3.68,2,0,0,0,,0,180,21,
2014,Kyle Orton,OrtoKy00,BUF,QB,32,12,12,287,447,3018,18,10,15,14,0.93,1,0,0,0,,0,176,23,
2014,Blake Bortles,BortBl00,JAX,QB,22,14,13,280,475,2908,11,17,56,419,7.48,0,0,0,0,,0,174,24,
2014,Brian Hoyer,HoyeBr00,CLE,QB,29,14,13,242,438,3326,12,13,24,39,1.63,0,0,0,0,,0,159,25,
2014,Geno Smith,SmitGe00,NYJ,QB,24,14,13,219,367,2525,13,13,59,238,4.03,1,1,0,0,,0,157,26,
2014,Mark Sanchez,SancMa00,PHI,QB,28,9,8,198,309,2418,14,11,34,87,2.56,1,0,0,0,,0,139,27,
2014,Josh McCown,McCoJo01,TAM,QB,35,11,11,184,327,2206,11,14,25,127,5.08,3,0,0,0,,0,127,28,
2014,Malcom Floyd,FloyMa00,SDG,WR,33,16,16,0,0,0,0,0,0,0,,0,92,52,856,16.46,6,122,31,
2014,Nick Foles,FoleNi00,PHI,QB,25,8,8,186,311,2163,13,10,16,68,4.25,0,0,0,0,,0,119,29,
2014,Tre Mason,MasoTr00,STL,RB,21,12,9,0,0,0,0,0,179,765,4.27,4,26,16,148,9.25,1,119,24,
2014,Eddie Royal,RoyaEd00,SDG,WR,28,16,11,0,0,0,0,0,3,14,4.67,0,91,62,778,12.55,7,119,32,
2014,Marques Colston,ColsMa00,NOR,WR,31,16,13,0,0,0,0,0,0,0,,0,100,59,902,15.29,5,118,34,
2014,Michael Floyd,FloyMi00,ARI,WR,25,16,14,0,0,0,0,0,1,2,2,0,99,47,841,17.89,6,118,33,
2014,Brandon Marshall,MarsBr00,CHI,WR,30,13,13,0,0,0,0,0,0,0,,0,106,61,721,11.82,8,118,35,
2014,Ahmad Bradshaw,BradAh00,IND,RB,28,10,1,0,0,0,0,0,90,425,4.72,2,47,38,300,7.89,6,117,25,
2014,Shane Vereen,VereSh00,NWE,RB,25,16,6,0,0,0,0,0,96,391,4.07,2,77,52,447,8.6,3,114,26,
2014,Isaiah Crowell,CrowIs00,CLE,RB,21,16,4,0,0,0,0,0,148,607,4.1,8,14,9,87,9.67,0,113,27,
2014,Rueben Randle,RandRu00,NYG,WR,23,16,13,0,0,0,0,0,0,0,,0,127,71,938,13.21,3,112,36,
2014,Kenny Stills,StilKe00,NOR,WR,22,15,7,0,0,0,0,0,1,-2,-2,0,83,63,931,14.78,3,111,37,
2014,Kendall Wright,WrigKe01,TEN,WR,25,14,11,0,0,0,0,0,4,54,13.5,0,93,57,715,12.54,6,111,38,
2014,Vincent Jackson,JackVi00,TAM,WR,31,16,16,0,0,0,0,0,0,0,,0,142,70,1002,14.31,2,110,39,
2014,Greg Jennings,JennGr00,MIN,WR,31,16,13,0,0,0,0,0,0,0,,0,92,59,742,12.58,6,110,40,
2014,Terrance Williams,WillTe01,DAL,WR,25,16,16,0,0,0,0,0,0,0,,0,66,37,621,16.78,8,110,41,
2014,Rashad Jennings,JennRa00,NYG,RB,29,11,9,0,0,0,0,0,167,639,3.83,4,41,30,226,7.53,0,109,29,
2014,Branden Oliver,OlivBr01,SDG,RB,23,14,7,0,0,0,0,0,160,582,3.64,3,45,36,271,7.53,1,109,28,
2014,Austin Davis,DaviAu00,STL,QB,25,10,8,180,284,2001,12,9,16,36,2.25,0,0,0,0,,0,108,30,
2014,Andre Johnson,JohnAn02,HOU,WR,33,15,15,0,0,0,0,0,0,0,,0,146,85,936,11.01,3,106,42,
2014,Carson Palmer,PalmCa00,ARI,QB,35,6,6,141,224,1626,11,3,8,25,3.13,0,1,0,0,,0,106,31,
2014,Darren Sproles*,SproDa00,PHI,RB,31,15,0,0,0,0,0,0,57,329,5.77,6,62,40,387,9.68,0,106,30,
2014,Martavis Bryant,BryaMa00,PIT,WR,23,10,3,0,0,0,0,0,3,12,4,0,48,26,549,21.12,8,104,43,
2014,Allen Hurns,HurnAl01,JAX,WR,23,16,8,0,0,0,0,0,0,0,,0,97,51,677,13.27,6,104,44,
2014,Terrance West,WestTe00,CLE,RB,23,14,6,0,0,0,0,0,171,673,3.94,4,13,11,64,5.82,1,102,31,
2014,Doug Baldwin,BaldDo00,SEA,WR,26,16,16,0,0,0,0,0,1,8,8,0,98,66,825,12.5,3,101,45,
2014,James Jones,JoneJa04,OAK,WR,30,16,10,0,0,0,0,0,0,0,,0,112,73,666,9.12,6,101,46,
2014,Robert Woods,WoodRo02,BUF,WR,22,16,15,0,0,0,0,0,0,0,,0,104,65,699,10.75,5,100,47,
2014,John Brown,BrowJo02,ARI,WR,24,16,5,0,0,0,0,0,3,-6,-2,0,102,48,696,14.5,5,99,48,
2014,Knile Davis,DaviKn00,KAN,RB,23,16,1,0,0,0,0,0,134,463,3.46,6,25,16,147,9.19,1,99,32,
2014,Keenan Allen,AlleKe00,SDG,WR,22,14,14,0,0,0,0,0,0,0,,0,121,77,783,10.17,4,98,49,
2014,Jarvis Landry,LandJa00,MIA,WR,22,16,11,0,0,0,0,0,2,-4,-2,0,112,84,758,9.02,5,97,50,
2014,Andrew Hawkins,HawkAn00,CLE,WR,28,15,15,0,0,0,0,0,3,15,5,0,112,63,824,13.08,2,96,51,
2014,Drew Stanton,StanDr00,ARI,QB,30,9,8,132,240,1711,7,5,25,63,2.52,0,0,0,0,,0,95,32,
2014,Kenny Britt,BritKe00,STL,WR,26,16,13,0,0,0,0,0,2,14,7,0,84,48,748,15.58,3,94,53,
2014,Michael Crabtree,CrabMi00,SFO,WR,27,16,16,0,0,0,0,0,1,4,4,0,108,68,698,10.26,4,94,52,
2014,Pierre Garcon,GarcPi00,WAS,WR,28,16,14,0,1,0,0,0,0,0,,0,105,68,752,11.06,3,93,55,
2014,Andre Holmes,HolmAn00,OAK,WR,26,16,13,0,0,0,0,0,0,0,,0,99,47,693,14.74,4,93,54,
2014,Chris Johnson,JohnCh04,NYJ,RB,29,16,6,0,0,0,0,0,155,663,4.28,1,34,24,151,6.29,1,91,33,
2014,Trent Richardson,RichTr00,IND,RB,24,15,12,0,0,0,0,0,159,519,3.26,3,34,27,229,8.48,0,91,34,
2014,Denard Robinson,RobiDe00,JAX,RB,24,13,9,0,1,0,0,0,135,582,4.31,4,31,23,124,5.39,0,91,35,
2014,Larry Fitzgerald,FitzLa00,ARI,WR,31,14,13,0,0,0,0,0,0,0,,0,103,63,784,12.44,2,90,56,
2014,Mike Glennon,GlenMi00,TAM,QB,25,6,5,117,203,1417,10,6,10,49,4.9,0,0,0,0,,0,90,33,
2014,Reggie Wayne,WaynRe00,IND,WR,36,15,15,0,0,0,0,0,0,0,,0,116,64,779,12.17,2,90,57,
2014,Robert Griffin,GrifRo01,WAS,QB,24,9,7,147,214,1694,4,6,38,176,4.63,1,0,0,0,,0,89,34,
2014,Shaun Hill,HillSh00,STL,QB,34,9,8,145,229,1657,8,7,10,10,1,1,1,1,0,0,0,89,35,
2014,Dwayne Allen,AlleDw00,IND,TE,24,13,13,0,0,0,0,0,0,0,,0,50,29,395,13.62,8,88,13,
2014,LeGarrette Blount,BlouLe00,2TM,RB,28,16,1,0,0,0,0,0,125,547,4.38,5,12,10,54,5.4,0,88,36,
2014,Kirk Cousins,CousKi00,WAS,QB,26,6,5,126,204,1710,10,9,7,20,2.86,0,0,0,0,,0,88,36,
2014,Charlie Whitehurst,WhitCh02,TEN,QB,32,7,5,105,185,1326,7,2,20,90,4.5,0,0,0,10,,0,87,37,
2014,Brandin Cooks,CookBr00,NOR,WR,21,10,7,0,0,0,0,0,7,73,10.43,1,69,53,550,10.38,3,86,58,
2014,Zach Ertz,ErtzZa00,PHI,TE,24,16,5,0,0,0,0,0,0,0,,0,89,58,702,12.1,3,86,14,
2014,Roy Helu,HeluRo00,WAS,RB,26,14,0,0,0,0,0,0,40,216,5.4,1,47,42,477,11.36,2,85,37,
2014,Darren McFadden,McFaDa00,OAK,RB,27,16,12,0,1,0,0,0,155,534,3.45,2,56,36,212,5.89,0,85,38,
2014,Alfred Blue,BlueAl00,HOU,RB,23,16,3,0,0,0,0,0,169,528,3.12,2,18,15,113,7.53,1,82,39,
2014,Jared Cook,CookJa02,STL,TE,27,16,6,0,0,0,0,0,1,0,0,0,99,52,634,12.19,3,81,15,
2014,Ronnie Hillman,HillRo00,DEN,RB,23,8,4,0,0,0,0,0,106,434,4.09,3,34,21,139,6.62,1,81,40,
2014,Benny Cunningham,CunnBe01,STL,RB,24,16,2,0,0,0,0,0,66,246,3.73,3,52,45,352,7.82,1,80,41,
2014,Charles Clay,ClayCh00,MIA,TE,25,14,14,0,0,0,0,0,0,0,,0,84,58,605,10.43,3,79,16,
2014,Percy Harvin,HarvPe00,2TM,WR,26,13,12,0,0,0,0,0,33,202,6.12,1,78,51,483,9.47,1,79,59,
2014,Bobby Rainey,RainBo00,TAM,RB,27,15,5,0,1,0,0,0,94,406,4.32,1,45,33,315,9.55,1,78,43,
2014,Bishop Sankey,SankBi00,TEN,RB,22,16,9,0,0,0,0,0,152,569,3.74,2,23,18,133,7.39,0,78,42,
2014,Pierre Thomas,ThomPi00,NOR,RB,30,11,3,0,0,0,0,0,45,222,4.93,2,55,45,378,8.4,1,78,44,
2014,Markus Wheaton,WheaMa00,PIT,WR,23,16,11,0,0,0,0,0,4,19,4.75,0,86,53,644,12.15,2,78,60,
2014,Jarius Wright,WrigJa02,MIN,WR,25,16,7,0,0,0,0,0,5,71,14.2,0,62,42,588,14,2,78,61,
2014,Dwayne Bowe,BoweDw00,KAN,WR,30,15,15,0,0,0,0,0,0,0,,0,95,60,754,12.57,0,77,62,
2014,Owen Daniels,DaniOw00,BAL,TE,32,15,13,0,0,0,0,0,0,0,,0,79,48,527,10.98,4,77,17,
2014,Nate Washington,WashNa00,TEN,WR,31,16,11,0,0,0,0,0,0,0,,0,72,40,647,16.18,2,77,63,
2014,Jermaine Gresham,GresJe00,CIN,TE,26,15,15,0,0,0,0,0,0,0,,0,79,62,460,7.42,5,76,18,
2014,Mychal Rivera,RiveMy00,OAK,TE,24,16,10,0,0,0,0,0,0,0,,0,99,58,534,9.21,4,75,19,
2014,Riley Cooper,CoopRi00,PHI,WR,27,16,16,0,0,0,0,0,0,0,,0,95,55,577,10.49,3,74,64,
2014,Jonas Gray,GrayJo00,NWE,RB,24,8,3,0,0,0,0,0,89,412,4.63,5,3,1,7,7,0,72,45,
2014,Zach Mettenberger,MettZa00,TEN,QB,23,7,6,107,179,1412,8,7,5,4,0.8,0,0,0,0,,0,71,38,
2014,Harry Douglas,DougHa00,ATL,WR,30,12,6,0,0,0,0,0,0,0,,0,74,51,556,10.9,2,70,66,
2014,Devin Hester*,HestDe99,ATL,WR,32,16,1,0,0,0,0,0,6,36,6,1,59,38,504,13.26,2,70,65,
2014,Ben Tate,TateBe00,2TM,RB,26,11,6,0,0,0,0,0,119,371,3.12,4,12,9,60,6.67,0,70,46,
2014,Miles Austin,AustMi00,CLE,WR,30,12,11,0,0,0,0,0,0,0,,0,73,47,568,12.09,2,69,69,
2014,Taylor Gabriel,GabrTa00,CLE,WR,23,16,2,0,0,0,0,0,4,10,2.5,0,72,36,621,17.25,1,69,67,
2014,Latavius Murray,MurrLa00,OAK,RB,24,15,3,0,0,0,0,0,82,424,5.17,2,23,17,143,8.41,0,69,47,
2014,Allen Robinson,RobiAl02,JAX,WR,21,10,8,0,0,0,0,0,0,0,,0,81,48,548,11.42,2,69,68,
2014,Scott Chandler,ChanSc00,BUF,TE,29,16,5,0,0,0,0,0,0,0,,0,70,47,497,10.57,3,68,20,
2014,Justin Hunter,HuntJu00,TEN,WR,23,12,8,0,0,0,0,0,0,0,,0,67,28,498,17.79,3,68,70,
2014,Doug Martin,MartDo00,TAM,RB,25,11,11,0,0,0,0,0,134,494,3.69,2,20,13,64,4.92,0,68,48,
2014,Reggie Bush,BushRe00,DET,RB,29,11,9,0,0,0,0,0,76,297,3.91,2,56,40,253,6.33,0,67,50,
2014,Jerick McKinnon,McKiJe00,MIN,RB,22,11,6,0,0,0,0,0,113,538,4.76,0,41,27,135,5,0,67,49,
2014,Cecil Shorts,ShorCe00,JAX,WR,27,13,12,2,2,32,1,0,0,0,,0,110,53,557,10.51,1,67,71,
2014,Jerricho Cotchery,CotcJe00,CAR,WR,32,15,13,0,0,0,0,0,0,0,,0,78,48,580,12.08,1,66,72,
2014,Hakeem Nicks,NickHa01,IND,WR,26,16,6,0,0,0,0,0,0,0,,0,68,38,405,10.66,4,65,73,
2014,Antone Smith,SmitAn01,ATL,RB,29,10,0,0,0,0,0,0,23,144,6.26,2,15,13,222,17.08,3,65,52,
2014,Lorenzo Taliaferro,TaliLo00,BAL,RB,23,13,0,0,0,0,0,0,68,292,4.29,4,10,8,114,14.25,0,65,51,
2014,Jermaine Kearse,KearJe01,SEA,WR,24,15,14,1,1,17,0,0,2,15,7.5,0,69,38,537,14.13,1,64,75,
2014,Jake Locker,LockJa00,TEN,QB,26,7,5,86,146,993,5,7,22,142,6.45,1,0,0,0,,0,64,39,
2014,Donte Moncrief,MoncDo00,IND,WR,21,16,2,0,0,0,0,0,4,17,4.25,0,49,32,444,13.88,3,64,74,
2014,Davante Adams,AdamDa01,GNB,WR,22,16,11,0,0,0,0,0,0,0,,0,66,38,446,11.74,3,63,77,
2014,Chris Hogan,HogaCh00,BUF,WR,26,16,2,0,0,0,0,0,0,0,,0,61,41,426,10.39,4,63,76,
2014,Colt McCoy,McCoCo00,WAS,QB,27,5,4,91,128,1057,4,3,16,66,4.13,1,0,0,0,,0,63,40,
2014,Cole Beasley,BeasCo00,DAL,WR,25,16,2,0,0,0,0,0,0,0,,0,49,37,420,11.35,4,62,78,
2014,Carlos Hyde,HydeCa00,SFO,RB,24,14,0,0,0,0,0,0,83,333,4.01,4,16,12,68,5.67,0,62,53,
2014,Steve Johnson,JohnSt00,SFO,WR,28,13,1,0,0,0,0,0,0,0,,0,50,35,435,12.43,3,62,79,
2014,Tim Wright,WrigTi01,NWE,TE,24,16,2,0,0,0,0,0,1,-2,-2,0,33,26,259,9.96,6,62,21,
2014,Toby Gerhart,GerhTo00,JAX,RB,27,14,7,0,0,0,0,0,101,326,3.23,2,24,20,186,9.3,0,61,54,
2014,Theo Riddick,RiddTh00,DET,RB,23,14,2,0,0,0,0,0,20,51,2.55,0,50,34,316,9.29,4,61,55,
2014,Anthony Dixon,DixoAn00,BUF,RB,27,16,0,0,0,0,0,0,105,432,4.11,2,9,8,49,6.13,0,60,56,
2014,Charles Johnson,JohnCh08,MIN,WR,25,12,6,0,0,0,0,0,1,-11,-11,0,59,31,475,15.32,2,60,80,
2014,Jeremy Kerley,KerlJe00,NYJ,WR,26,16,7,0,1,0,0,0,4,86,21.5,0,75,38,409,10.76,1,60,82,
2014,Cordarrelle Patterson,PattCo00,MIN,WR,23,16,7,0,0,0,0,0,10,117,11.7,1,67,33,384,11.64,1,60,81,
2014,Robert Turbin,TurbRo00,SEA,RB,25,16,3,0,0,0,0,0,74,310,4.19,0,20,16,186,11.63,2,60,57,
2014,Tavon Austin,AustTa00,STL,WR,23,15,8,0,0,0,0,0,36,224,6.22,2,44,31,242,7.81,0,59,84,
2014,Brian Hartline,HartBr00,MIA,WR,28,16,16,0,0,0,0,0,0,0,,0,63,39,474,12.15,2,59,83,
2014,EJ Manuel,ManuEJ00,BUF,QB,24,5,4,76,131,838,5,3,16,52,3.25,1,0,0,0,,0,59,41,
2014,James Starks,StarJa00,GNB,RB,28,16,0,0,0,0,0,0,85,333,3.92,2,29,18,140,7.78,0,59,58,
2014,Ryan Mathews,MathRy00,SDG,RB,27,6,6,0,0,0,0,0,74,330,4.46,3,10,9,69,7.67,0,58,59,
2014,Wes Welker,WelkWe00,DEN,WR,33,14,8,0,0,0,0,0,0,0,,0,64,49,464,9.47,2,58,85,
2014,Devonta Freeman,FreeDe00,ATL,RB,22,16,0,0,0,0,0,0,65,248,3.82,1,37,30,225,7.5,1,57,60,
2014,Khiry Robinson,RobiKh00,NOR,RB,25,10,3,0,0,0,0,0,76,362,4.76,3,11,8,63,7.88,0,57,61,
2014,Lance Kendricks,KendLa00,STL,WR,26,16,14,0,0,0,0,0,0,0,,0,38,27,259,9.59,5,56,86,
2014,Brian Quick,QuicBr00,STL,WR,25,7,7,0,0,0,0,0,0,0,,0,39,25,375,15,3,56,87,
2014,Luke Willson,WillLu00,SEA,TE,24,15,10,0,0,0,0,0,0,0,,0,40,22,362,16.45,3,56,22,
2014,Niles Paul,PaulNi00,WAS,TE,25,16,7,0,0,0,0,0,0,0,,0,52,39,507,13,1,55,23,
2014,Andre Roberts,RobeAn00,WAS,WR,26,16,4,0,0,0,0,0,2,21,10.5,0,73,36,453,12.58,2,55,88,
2014,Stepfan Taylor,TaylSt00,ARI,RB,23,14,4,0,0,0,0,0,63,208,3.3,1,15,11,79,7.18,3,55,62,
2014,Jordan Cameron,CameJo00,CLE,TE,26,10,9,0,0,0,0,0,0,0,,0,48,24,424,17.67,2,54,24,
2014,Dan Herron,HerrDa00,IND,RB,25,16,3,0,0,0,0,0,78,351,4.5,1,26,21,173,8.24,0,54,63,
2014,Andrew Quarless,QuarAn00,GNB,TE,26,16,11,0,0,0,0,0,0,0,,0,46,29,323,11.14,3,54,25,
2014,Jacquizz Rodgers,RodgJa00,ATL,RB,24,16,1,0,0,0,0,0,58,217,3.74,1,40,29,173,5.97,1,53,64,
2014,Derek Anderson,AndeDe00,CAR,QB,31,6,2,65,97,701,5,0,8,24,3,0,0,0,0,,0,52,42,
2014,Preston Parker,ParkPr00,NYG,WR,27,16,7,0,0,0,0,0,0,0,,0,56,36,418,11.61,2,52,89,
2014,Stedman Bailey,BailSt01,STL,WR,24,14,3,0,0,0,0,0,1,13,13,0,46,30,435,14.5,1,51,90,
2014,Travis Benjamin,BenjTr00,CLE,WR,25,16,0,0,0,0,0,0,3,11,3.67,0,46,18,314,17.44,3,51,91,
2014,Shonn Greene,GreeSh00,TEN,RB,29,13,5,0,0,0,0,0,94,392,4.17,2,3,1,13,13,0,51,66,
2014,Joseph Randle,RandJo01,DAL,RB,23,16,0,0,0,0,0,0,51,343,6.73,3,5,4,23,5.75,0,51,65,
2014,Louis Murphy,MurpLo00,TAM,WR,27,11,3,0,0,0,0,0,0,0,,0,56,31,380,12.26,2,50,92,
2014,Jordan Todman,TodmJo00,JAX,RB,24,16,1,0,0,0,0,0,32,186,5.81,1,37,25,198,7.92,1,50,67,
2014,Jace Amaro,AmarJa00,NYJ,TE,22,14,4,0,0,0,0,0,0,0,,0,53,38,345,9.08,2,49,27,
2014,Corey Brown,BrowPh00,CAR,WR,23,13,3,0,0,0,0,0,8,95,11.88,0,36,21,296,14.1,2,49,94,
2014,Anthony Fasano,FasaAn00,KAN,TE,30,15,13,0,0,0,0,0,0,0,,0,36,25,226,9.04,4,49,26,
2014,Marqise Lee,LeexMa00,JAX,WR,23,13,8,0,0,0,0,0,3,9,3,0,69,37,422,11.41,1,49,93,
2014,Josh Hill,HillJo02,NOR,TE,24,16,3,0,0,0,0,0,0,0,,0,20,14,176,12.57,5,48,28,
2014,Bernard Pierce,PierBe00,BAL,RB,24,13,2,0,0,0,0,0,93,366,3.94,2,6,2,13,6.5,0,48,69,
2014,Stevan Ridley,RidlSt00,NWE,RB,25,6,5,0,0,0,0,0,94,340,3.62,2,5,4,20,5,0,48,68,
2014,Juwan Thompson,ThomJu01,DEN,RB,22,15,0,0,0,0,0,0,54,272,5.04,3,7,4,25,6.25,0,48,70,
2014,C.J. Spiller,SpilC.00,BUF,RB,27,9,5,0,0,0,0,0,78,300,3.85,0,22,19,125,6.58,1,47,72,
2014,Zac Stacy,StacZa00,STL,RB,23,13,5,0,0,0,0,0,76,293,3.86,1,23,18,152,8.44,0,47,71,
2014,Kamar Aiken,AikeKa00,BAL,WR,25,16,0,0,0,0,0,0,0,0,,0,32,24,267,11.13,3,45,95,
2014,Jordan Reed,ReedJo02,WAS,TE,24,11,2,0,0,0,0,0,0,0,,0,65,50,465,9.3,0,45,29,
2014,Michael Vick,VickMi00,NYJ,QB,34,10,3,64,121,604,3,2,26,153,5.88,0,0,0,0,,0,45,43,
2014,Donald Brown,BrowDo00,SDG,RB,27,13,3,0,0,0,0,0,85,223,2.62,0,41,29,211,7.28,0,43,73,
2014,John Carlson,CarlJo00,ARI,RB,30,16,12,0,0,0,0,0,0,0,,0,55,33,350,10.61,1,43,74,
2014,Jeff Cumberland,CumbJe00,NYJ,TE,27,16,14,0,0,0,0,0,0,0,,0,47,23,247,10.74,3,43,30,
2014,Chris Polk,PolkCh00,PHI,RB,25,14,0,0,0,0,0,0,46,172,3.74,4,3,2,16,8,0,43,75,
2014,Charles Sims,SimsCh00,TAM,RB,24,8,0,0,0,0,0,0,66,185,2.8,1,27,19,190,10,0,42,76,
2014,Jason Avant,AvanJa00,2TM,WR,31,16,0,0,0,0,0,0,1,1,1,0,62,34,353,10.38,1,41,96,
2014,Daniel Fells,FellDa00,NYG,TE,31,16,9,0,0,0,0,0,0,0,,0,20,16,188,11.75,4,41,31,
2014,Damaris Johnson,JohnDa04,HOU,WR,25,16,8,0,0,0,0,0,5,19,3.8,0,49,31,331,10.68,1,41,97,
2014,Daniel Thomas,ThomDa03,MIA,RB,27,12,0,0,0,0,0,0,44,168,3.82,2,19,13,121,9.31,0,41,77,
2014,Brice Butler,ButlBr00,OAK,WR,24,15,0,0,0,0,0,0,0,0,,0,35,21,280,13.33,2,40,98,
2014,Victor Cruz,CruzVi00,NYG,WR,28,6,6,0,0,0,0,0,0,0,,0,41,23,337,14.65,1,40,99,
2014,Dion Sims,SimsDi00,MIA,TE,23,14,2,0,0,0,0,0,0,0,,0,36,24,284,11.83,2,40,32,
2014,Darrel Young,YounDa01,WAS,RB,27,16,10,0,0,0,0,0,9,22,2.44,3,14,11,81,7.36,2,40,78,
2014,Marcel Reece*,ReecMa00,OAK,RB,29,15,15,0,0,0,0,0,21,85,4.05,0,59,37,265,7.16,1,39,79,
2014,Brent Celek,CeleBr00,PHI,TE,29,16,15,0,0,0,0,0,0,0,,0,51,32,340,10.63,1,38,33,
2014,Vernon Davis,DaviVe00,SFO,TE,30,14,14,0,0,0,0,0,1,4,4,0,50,26,245,9.42,2,37,34,
2014,Clay Harbor,HarbCl00,JAX,TE,27,13,8,0,0,0,0,0,0,0,,0,35,26,289,11.12,1,37,35,
2014,Dexter McCluster,McClDe00,TEN,RB,25,14,2,0,0,0,0,0,40,131,3.28,0,36,26,197,7.58,1,37,81,
2014,Damien Williams,WillDa05,MIA,RB,22,16,0,0,0,0,0,0,36,122,3.39,0,27,21,187,8.9,1,37,80,
2014,Brandon Gibson,GibsBr00,MIA,WR,27,14,5,0,0,0,0,0,0,0,,0,51,29,295,10.17,1,36,100,
2014,Jaron Brown,BrowJa03,ARI,WR,24,16,2,0,0,0,0,0,0,0,,0,32,22,229,10.41,2,35,102,
2014,Travaris Cadet,CadeTr00,NOR,RB,25,15,1,0,0,0,0,0,10,32,3.2,0,51,38,296,7.79,1,35,82,
2014,Gavin Escobar,EscoGa00,DAL,TE,23,16,1,0,0,0,0,0,0,0,,0,13,9,105,11.67,4,35,39,
2014,Marcedes Lewis,LewiMa00,JAX,TE,30,8,8,0,0,0,0,0,0,0,,0,31,18,206,11.44,2,35,37,
2014,Brandon Lloyd,LloyBr00,SFO,WR,33,14,3,0,0,0,0,0,0,0,,0,35,14,294,21,1,35,101,
2014,Richard Rodgers,RodgRi00,GNB,TE,22,16,5,0,0,0,0,0,0,0,,0,30,20,225,11.25,2,35,38,
2014,Kyle Rudolph,RudoKy00,MIN,TE,25,9,8,0,0,0,0,0,0,0,,0,34,24,231,9.63,2,35,36,
2014,Lance Moore,MoorLa00,PIT,WR,31,14,2,0,0,0,0,0,0,0,,0,26,14,198,14.14,2,34,103,
2014,Levine Toilolo,ToilLe00,ATL,TE,23,16,16,0,0,0,0,0,0,0,,0,54,31,238,7.68,2,34,40,
2014,Leon Washington,WashLe00,TEN,RB,32,16,0,0,0,0,0,0,13,57,4.38,0,31,22,159,7.23,2,34,83,
2014,Paul Richardson,RichPa01,SEA,WR,22,15,6,0,0,0,0,0,0,0,,0,44,29,271,9.34,1,33,104,
2014,Jeremy Ross,RossJe01,DET,RB,26,16,13,0,0,0,0,0,2,-1,-0.5,0,35,24,314,13.08,1,33,84,
2014,De'Anthony Thomas,ThomDe05,KAN,RB,21,12,3,0,0,0,0,0,14,113,8.07,1,31,23,156,6.78,0,33,85,
2014,Fozzy Whittaker,WhitFo00,CAR,RB,25,10,1,0,0,0,0,0,32,145,4.53,1,6,5,60,12,1,33,86,
2014,Lance Dunbar,DunbLa00,DAL,RB,24,16,0,0,0,0,0,0,29,99,3.41,0,22,18,217,12.06,0,32,87,
2014,Chase Ford,FordCh00,MIN,TE,24,11,5,0,0,0,0,0,0,0,,0,35,23,258,11.22,1,32,42,
2014,Ricardo Lockette,LockRi00,SEA,WR,28,16,0,0,0,0,0,0,1,2,2,0,15,11,195,17.73,2,32,105,
2014,Austin Seferian-Jenkins,SefeAu00,TAM,TE,22,9,9,0,0,0,0,0,0,0,,0,38,21,221,10.52,2,32,41,
2014,Eric Ebron,EbroEr00,DET,TE,21,13,7,0,0,0,0,0,0,0,,0,47,25,248,9.92,1,31,43,
2014,Derek Hagan,HagaDe00,TEN,WR,30,16,3,0,0,0,0,0,0,0,,0,34,19,254,13.37,1,31,106,
2014,Cooper Helfet,HelfCo00,SEA,TE,25,10,2,0,0,0,0,0,0,0,,0,24,12,185,15.42,2,31,44,
2014,Jim Dray,DrayJi00,CLE,TE,28,16,8,0,0,0,0,0,0,0,,0,27,17,242,14.24,1,30,45,
2014,Josh Gordon,GordJo02,CLE,WR,23,5,5,0,1,0,0,0,0,0,,0,47,24,303,12.63,0,30,107,
2014,Chad Henne,HennCh01,JAX,QB,29,3,3,42,78,492,3,1,4,25,6.25,0,0,0,0,,0,30,44,
2014,Bruce Miller,MillBr02,SFO,RB,27,16,8,0,0,0,0,0,6,9,1.5,0,25,18,189,10.5,2,30,88,
2014,Rhett Ellison,ElliRh00,MIN,TE,26,16,13,0,0,0,0,0,0,0,,0,26,19,208,10.95,1,29,46,
2014,Bilal Powell,PoweBi00,NYJ,RB,26,15,1,0,0,0,0,0,33,141,4.27,1,15,11,92,8.36,0,29,89,
2014,Bryce Brown,BrowBr02,BUF,RB,23,7,2,0,0,0,0,0,36,126,3.5,0,25,16,176,11,0,28,90,
2014,Ben Watson,WatsBe00,NOR,TE,34,16,8,0,0,0,0,0,0,0,,0,31,20,136,6.8,2,28,47,
2014,Montee Ball,BallMo00,DEN,RB,24,5,3,0,0,0,0,0,55,172,3.13,1,13,9,62,6.89,0,27,91,
2014,Bruce Ellington,ElliBr00,SFO,WR,23,13,0,0,0,0,0,0,6,28,4.67,1,12,6,62,10.33,2,27,108,
2014,Kenbrell Thompkins,ThomKe02,2TM,WR,26,14,7,0,0,0,0,0,2,5,2.5,0,48,21,262,12.48,0,27,109,
2014,Danny Amendola,AmenDa00,NWE,WR,29,16,4,0,0,0,0,0,0,0,,0,42,27,200,7.41,1,26,111,
2014,Marlon Brown,BrowMa00,BAL,WR,23,14,1,0,0,0,0,0,0,0,,0,31,24,255,10.63,0,26,114,
2014,Garrett Graham,GrahGa00,HOU,TE,28,11,9,0,0,0,0,0,0,0,,0,28,18,197,10.94,1,26,48,
2014,Rishard Matthews,MattRi00,MIA,WR,25,14,0,0,0,0,0,0,1,3,3,0,22,12,135,11.25,2,26,113,
2014,Nick Toon,ToonNi00,NOR,WR,26,8,2,0,0,0,0,0,1,4,4,0,23,17,215,12.65,1,26,112,
2014,Kerwynn Williams,WillKe05,ARI,RB,23,5,0,0,0,0,0,0,53,246,4.64,0,6,2,11,5.5,0,26,92,
2014,Albert Wilson,WilsAl02,KAN,WR,22,12,2,0,0,0,0,0,0,0,,0,28,16,260,16.25,0,26,110,
2014,Corey Fuller,FullCo00,DET,WR,24,16,2,0,0,0,0,0,0,0,,0,31,14,212,15.14,1,25,116,
2014,Greg Salas,SalaGr00,NYJ,WR,26,10,2,0,0,0,0,0,1,20,20,1,23,8,167,20.88,0,25,117,
2014,Brandon Tate,TateBr00,CIN,WR,27,16,4,0,0,0,0,0,3,21,7,0,26,17,193,11.35,1,25,115,
2014,Jack Doyle,DoylJa00,IND,TE,24,16,1,0,0,0,0,0,0,0,,0,22,18,118,6.56,2,24,49,
2014,Jonathan Grimes,GrimJo01,HOU,RB,25,16,0,0,0,0,0,0,39,153,3.92,0,8,6,86,14.33,0,24,95,
2014,Silas Redd,ReddSi00,WAS,RB,22,15,0,0,0,0,0,0,16,75,4.69,1,10,8,107,13.38,0,24,94,
2014,DeAngelo Williams,WillDe02,CAR,RB,31,6,6,0,0,0,0,0,62,219,3.53,0,6,5,44,8.8,0,24,93,
2014,Matt Cassel,CassMa00,MIN,QB,32,3,3,41,71,425,3,4,9,18,2,0,0,0,0,,0,23,46,
2014,Ladarius Green,GreeLa00,SDG,TE,24,14,4,0,0,0,0,0,0,0,,0,25,19,226,11.89,0,23,50,
2014,Case Keenum,KeenCa00,HOU,QB,26,2,2,45,77,435,2,2,10,35,3.5,0,0,0,0,,0,23,45,
2014,Ka'Deem Carey,CareKa00,CHI,RB,22,14,0,0,0,0,0,0,36,158,4.39,0,6,5,57,11.4,0,22,97,
2014,Chris Givens,GiveCh00,STL,WR,25,14,0,0,0,0,0,0,1,4,4,0,20,11,159,14.45,1,22,118,
2014,Ryan Lindley,LindRy00,ARI,QB,25,3,2,45,93,562,2,4,0,0,,0,0,0,0,,0,22,47,
2014,Knowshon Moreno,MoreKn00,MIA,RB,27,3,0,0,0,0,0,0,31,148,4.77,1,1,1,8,8,0,22,96,
2014,Chris Owusu,OwusCh00,2TM,WR,24,8,0,0,0,0,0,0,1,23,23,1,6,6,78,13,1,22,120,
2014,Eric Weems,WeemEr00,ATL,WR,29,16,0,0,0,0,0,0,0,0,,0,11,10,102,10.2,2,22,119,
2014,Brenton Bersin,BersBr00,CAR,WR,24,15,1,0,0,0,0,0,0,0,,0,20,13,151,11.62,1,21,121,
2014,Jacob Tamme,TammJa00,DEN,TE,29,15,0,0,0,0,0,0,0,0,,0,28,14,109,7.79,2,21,51,
2014,Ted Ginn,GinnTe00,ARI,WR,29,16,0,1,1,10,0,0,3,6,2,0,26,14,190,13.57,0,20,123,
2014,Peyton Hillis,HillPe00,NYG,RB,28,9,0,0,0,0,0,0,26,115,4.42,0,16,10,87,8.7,0,20,100,
2014,Storm Johnson,JohnSt03,JAX,RB,22,6,1,0,0,0,0,0,29,86,2.97,2,1,1,-4,-4,0,20,98,
2014,Kyle Juszczyk,JuszKy00,BAL,RB,23,16,14,0,0,0,0,0,0,0,,0,27,19,182,9.58,1,20,99,
2014,Ryan Mallett,MallRy00,HOU,QB,26,3,2,41,75,400,2,2,6,-2,-0.33,0,0,0,0,,0,20,49,
2014,Adam Thielen,ThieAd00,MIN,WR,24,16,2,0,0,0,0,0,0,0,,0,13,8,137,17.13,1,20,125,
2014,Brandon Weeden,WeedBr00,DAL,QB,31,5,1,24,41,303,3,2,6,-1,-0.17,0,0,0,0,,0,20,48,
2014,Mike Williams,WillMi04,BUF,WR,27,9,0,0,0,0,0,0,0,0,,0,19,8,142,17.75,1,20,122,
2014,Marquess Wilson,WilsMa02,CHI,WR,22,7,6,0,0,0,0,0,0,0,,0,32,17,140,8.24,1,20,124,
2014,Joe McKnight,McKnJo00,KAN,RB,26,2,0,0,0,0,0,0,1,3,3,0,7,6,64,10.67,2,19,101,
2014,Christine Michael,MichCh00,SEA,RB,24,10,0,0,0,0,0,0,34,175,5.15,0,2,1,12,12,0,19,102,
2014,Tony Moeaki,MoeaTo00,SEA,TE,27,6,2,0,0,0,0,0,0,0,,0,13,8,134,16.75,1,19,52,
2014,Brandon Myers,MyerBr00,TAM,TE,29,14,6,0,0,0,0,0,0,0,,0,32,22,190,8.64,0,19,53,
2014,James Casey,CaseJa00,PHI,TE,30,16,2,0,0,0,0,0,0,0,,0,3,3,59,19.67,2,18,55,
2014,Ed Dickson,DickEd00,CAR,TE,27,16,10,0,0,0,0,0,0,0,,0,17,10,115,11.5,1,18,56,
2014,Crockett Gillmore,GillCr00,BAL,TE,23,15,1,0,0,0,0,0,0,0,,0,15,10,121,12.1,1,18,54,
2014,Austin Pettis,PettAu00,2TM,WR,26,9,0,0,0,0,0,0,0,0,,0,17,12,118,9.83,1,18,126,
2014,Maurice Jones-Drew,DrewMa00,OAK,RB,29,12,1,0,0,0,0,0,43,96,2.23,0,16,11,71,6.45,0,17,105,
2014,Matt Hasselbeck,HassMa00,IND,QB,39,4,0,30,44,301,2,0,8,-11,-1.38,0,0,0,0,,0,17,50,
2014,John Kuhn*+,KuhnJo00,GNB,RB,32,16,2,0,0,0,0,0,24,85,3.54,1,4,4,23,5.75,0,17,104,
2014,Mike Tolbert,TolbMi00,CAR,RB,29,8,6,0,0,0,0,0,37,78,2.11,0,17,12,93,7.75,0,17,103,
2014,Donnie Avery,AverDo00,KAN,WR,30,6,3,0,0,0,0,0,0,0,,0,26,15,176,11.73,0,16,131,
2014,Gary Barnidge,BarnGa01,CLE,TE,29,13,2,0,0,0,0,0,0,0,,0,25,13,156,12,0,16,57,
2014,Brandon Bolden,BoldBr00,NWE,RB,24,16,2,0,0,0,0,0,28,89,3.18,1,6,2,8,4,0,16,107,
2014,Michael Campanaro,CampMi02,BAL,WR,23,4,0,0,0,0,0,0,0,0,,0,9,7,102,14.57,1,16,127,
2014,Jimmy Clausen,ClauJi00,CHI,QB,27,4,1,26,48,223,2,1,3,9,3,0,0,0,0,,0,16,51,
2014,Jonathan Dwyer,DwyeJo00,ARI,RB,25,2,0,0,0,0,0,0,16,51,3.19,1,3,2,8,4,0,16,106,
2014,Dontrelle Inman,InmaDo00,SDG,WR,25,7,0,0,0,0,0,0,0,0,,0,17,12,158,13.17,0,16,130,
2014,Josh Morgan,MorgJo00,CHI,WR,29,14,7,0,0,0,0,0,2,30,15,0,19,10,70,7,1,16,128,
2014,Joe Morgan,MorgJo01,NOR,WR,26,5,2,0,0,0,0,0,1,67,67,0,10,4,92,23,0,16,129,
2014,Joe Banyard,BanyJo00,MIN,RB,26,15,0,0,0,0,0,0,21,88,4.19,0,11,9,62,6.89,0,15,109,
2014,Joseph Fauria,FaurJo00,DET,TE,24,7,0,0,0,0,0,0,0,0,,0,12,6,74,12.33,1,15,58,
2014,T.J. Graham,GrahT.00,NYJ,WR,25,12,0,0,0,0,0,0,0,0,,0,8,3,87,29,1,15,132,
2014,Ryan Griffin,GrifRy00,HOU,TE,24,16,2,0,0,0,0,0,0,0,,0,16,10,91,9.1,1,15,59,
2014,Robert Hughes,HughRo00,ARI,RB,25,16,4,0,0,0,0,0,7,11,1.57,0,12,8,140,17.5,0,15,108,
2014,Zurlon Tipton,TiptZu01,IND,RB,24,6,0,0,0,0,0,0,10,18,1.8,0,6,6,68,11.33,1,15,110,
2014,Rex Burkhead,BurkRe00,CIN,RB,24,9,0,0,0,0,0,0,9,27,3,1,10,7,49,7,0,14,113,
2014,Virgil Green,GreeVi00,DEN,TE,26,13,9,0,0,0,0,0,2,3,1.5,0,6,6,74,12.33,1,14,60,
2014,Cory Harkey,HarkCo00,STL,RB,24,16,13,0,0,0,0,0,0,0,,0,11,8,55,6.88,1,14,114,
2014,Jamize Olawale,OlawJa00,OAK,RB,25,16,0,0,0,0,0,0,2,0,0,0,6,5,18,3.6,2,14,112,
2014,Anthony Sherman,SherAn00,KAN,RB,26,16,6,0,0,0,0,0,2,8,4,0,14,10,71,7.1,1,14,111,
2014,Rod Streater,StreRo00,OAK,WR,26,3,3,0,0,0,0,0,0,0,,0,13,9,84,9.33,1,14,133,
2014,Brian Tyms,TymsBr00,NWE,WR,25,11,2,0,0,0,0,0,0,0,,0,11,5,82,16.4,1,14,134,
2014,Orleans Darkwa,DarkOr00,2TM,RB,22,11,0,0,0,0,0,0,9,23,2.56,1,6,5,48,9.6,0,13,115,
2014,MarQueis Gray,GrayMa00,2TM,TE,25,13,5,0,0,0,0,0,0,0,,0,11,9,134,14.89,0,13,61,
2014,Marion Grice,GricMa00,ARI,RB,23,10,0,0,1,0,0,0,15,41,2.73,1,11,7,29,4.14,0,13,116,
2014,Rob Housler,HousRo01,ARI,TE,26,15,7,0,0,0,0,0,1,1,1,0,17,9,129,14.33,0,13,62,
2014,Dennis Pitta,PittDe00,BAL,TE,29,3,3,0,0,0,0,0,0,0,,0,21,16,125,7.81,0,13,63,
2014,Matt Spaeth,SpaeMa00,PIT,WR,31,15,8,0,0,0,0,0,0,0,,0,4,3,46,15.33,1,13,135,
2014,Vincent Brown,BrowVi00,OAK,WR,25,7,0,0,0,0,0,0,0,0,,0,21,12,118,9.83,0,12,138,
2014,Chase Coffman,CoffCh00,TEN,TE,28,13,3,0,0,0,0,0,0,0,,0,14,6,64,10.67,1,12,64,
2014,Jed Collins,CollJe01,DET,RB,28,16,2,0,0,0,0,0,8,19,2.38,0,6,5,39,7.8,1,12,118,
2014,John Conner,ConnJo00,NYJ,RB,27,12,3,0,0,0,0,0,6,20,3.33,0,3,2,35,17.5,1,12,120,
2014,Patrick DiMarco,DiMaPa00,ATL,RB,25,16,7,0,0,0,0,0,0,0,,0,14,9,62,6.89,1,12,117,
2014,Jimmy Garoppolo,GaroJi00,NWE,QB,23,6,0,19,27,182,1,0,10,9,0.9,0,0,0,0,,0,12,53,
2014,Robert Herron,HerrRo00,TAM,WR,22,8,0,0,0,0,0,0,1,0,0,0,12,6,58,9.67,1,12,137,
2014,Johnny Manziel,ManzJo00,CLE,QB,22,5,2,18,35,175,0,2,9,29,3.22,1,0,0,0,,0,12,54,
2014,Santana Moss,MossSa00,WAS,WR,35,10,0,0,0,0,0,0,0,0,,0,15,10,116,11.6,0,12,139,
2014,Logan Paulsen,PaulLo00,WAS,TE,27,16,12,0,0,0,0,0,0,0,,0,16,13,78,6,1,12,65,
2014,Christian Ponder,PondCh00,MIN,QB,26,2,1,22,44,222,0,2,4,16,4,1,0,0,0,,0,12,52,
2014,Dante Rosario,RosaDa00,CHI,RB,30,16,3,0,0,0,0,0,0,0,,0,22,16,116,7.25,0,12,119,
2014,James Wright,WrigJa03,CIN,WR,23,11,0,0,0,0,0,0,3,30,10,0,16,5,91,18.2,0,12,136,
2014,Ronnie Brown,BrowRo05,2TM,RB,33,10,0,0,0,0,0,0,20,63,3.15,0,8,5,44,8.8,0,11,123,
2014,Derek Carrier,CarrDe00,SFO,TE,24,11,1,0,0,0,0,0,1,2,2,0,14,9,105,11.67,0,11,67,
2014,Chris Gragg,GragCh00,BUF,WR,24,10,5,0,0,0,0,0,0,0,,0,10,7,48,6.86,1,11,143,
2014,Junior Hemingway,HemiJu00,KAN,WR,26,14,1,0,0,0,0,0,0,0,,0,22,12,108,9,0,11,142,
2014,Jacoby Jones,JoneJa03,BAL,WR,30,16,0,0,0,0,0,0,3,16,5.33,0,18,9,131,14.56,0,11,144,
2014,Robert Meachem,MeacRo00,NOR,WR,30,11,2,0,0,0,0,0,0,0,,0,20,7,114,16.29,0,11,140,
2014,Chris Ogbonnaya,OgboCh00,2TM,RB,28,7,0,0,0,0,0,0,14,50,3.57,1,1,0,0,,0,11,121,
2014,Darrin Reaves,ReavDa00,CAR,RB,21,6,1,0,0,0,0,0,31,78,2.52,0,8,5,31,6.2,0,11,122,
2014,Adrien Robinson,RobiAd00,NYG,TE,26,16,1,0,0,0,0,0,0,0,,0,7,5,50,10,1,11,66,
2014,Corey Washington,WashCo01,NYG,WR,23,14,0,0,0,0,0,0,0,0,,0,8,5,52,10.4,1,11,141,
2014,Jackie Battle,BattJa00,TEN,RB,31,16,1,0,0,0,0,0,5,9,1.8,1,5,5,28,5.6,0,10,126,
2014,Austin Johnson,JohnAu00,NOR,RB,25,7,1,0,0,0,0,0,8,22,2.75,0,2,2,15,7.5,1,10,125,
2014,Brian Leonhardt,LeonBr01,OAK,TE,24,12,3,0,0,0,0,0,0,0,,0,8,6,35,5.83,1,10,69,
2014,Denarius Moore,MoorDe02,OAK,WR,26,10,2,0,0,0,0,0,1,1,1,0,27,12,115,9.58,0,10,146,
2014,Kevin Norwood,NorwKe00,SEA,WR,25,9,2,0,0,0,0,0,0,0,,0,10,9,102,11.33,0,10,145,
2014,Lee Smith,SmitLe00,BUF,TE,27,14,10,0,0,0,0,0,0,0,,0,8,7,42,6,1,10,68,
2014,Chris Thompson,ThomCh03,WAS,RB,24,2,0,0,0,0,0,0,3,12,4,0,7,6,27,4.5,1,10,124,
2014,Derrick Coleman,ColeDe00,SEA,RB,24,5,1,0,0,0,0,0,0,0,,0,2,2,29,14.5,1,9,129,
2014,C.J. Fiedorowicz,FiedC.00,HOU,TE,23,15,8,0,0,0,0,0,0,0,,0,7,4,28,7,1,9,70,
2014,Cyrus Gray,GrayCy00,KAN,RB,25,9,0,0,0,0,0,0,8,31,3.88,1,0,0,0,,0,9,128,
2014,Ryan Hewitt,HewiRy00,CIN,RB,23,16,11,0,0,0,0,0,1,0,0,0,15,10,86,8.6,0,9,130,
2014,Josh Huff,HuffJo00,PHI,WR,23,12,0,0,0,0,0,0,1,7,7,0,18,8,98,12.25,0,9,148,
2014,A.J. Jenkins,JenkA.00,KAN,WR,25,9,2,0,0,0,0,0,2,-2,-1,0,15,9,93,10.33,0,9,147,
2014,David Nelson,NelsDa01,NYJ,WR,28,6,5,0,0,0,0,0,0,0,,0,16,8,65,8.13,0,9,149,
2014,Adrian Peterson,PeteAd01,MIN,RB,29,1,1,0,0,0,0,0,21,75,3.57,0,3,2,18,9,0,9,127,
2014,Zach Sudfeld,SudfZa00,NYJ,TE,25,16,3,0,0,0,0,0,0,0,,0,7,5,85,17,0,9,71,
2014,Frank Summers,SummFr00,BUF,RB,29,10,6,0,0,0,0,0,6,17,2.83,1,8,5,9,1.8,0,9,131,
2014,Chase Daniel,DaniCh00,KAN,QB,28,3,1,16,28,157,0,0,4,15,3.75,0,0,0,0,,0,8,55,
2014,DuJuan Harris,HarrDu01,GNB,RB,26,15,0,0,0,0,0,0,16,64,4,0,2,1,11,11,0,8,133,
2014,Dwayne Harris,HarrDw00,DAL,WR,27,16,0,0,0,0,0,0,4,7,1.75,0,12,7,116,16.57,0,8,151,
2014,Nic Jacobs,JacoNi00,JAX,TE,23,13,4,0,0,0,0,0,0,0,,0,3,2,16,8,1,8,72,
2014,Keshawn Martin,MartKe01,HOU,WR,24,16,0,0,0,0,0,0,0,0,,0,12,6,78,13,0,8,152,
2014,Zach Miller,MillZa01,SEA,TE,29,3,3,0,0,0,0,0,0,0,,0,7,6,76,12.67,0,8,73,
2014,Dane Sanzenbacher,SanzDa00,CIN,WR,26,10,1,0,0,0,0,0,1,-1,-1,0,15,9,105,11.67,0,8,150,
2014,Will Ta'ufo'ou,TaufWi00,JAX,RB,28,16,4,0,0,0,0,0,0,0,,0,8,7,81,11.57,0,8,132,
2014,Justin Brown,BrowJu00,PIT,WR,23,8,1,0,0,0,0,0,0,0,,0,21,12,94,7.83,0,7,153,
2014,Mike Brown,BrowMi00,JAX,WR,25,5,1,0,0,0,0,0,0,0,,0,15,7,88,12.57,0,7,156,
2014,Darren Fells,FellDa01,ARI,TE,28,10,5,0,0,0,0,0,0,0,,0,12,5,71,14.2,0,7,74,
2014,Ryan Grant,GranRy01,WAS,WR,24,16,2,0,0,0,0,0,0,0,,0,15,7,68,9.71,0,7,155,
2014,Santonio Holmes,HolmSa00,CHI,WR,30,9,2,0,0,0,0,0,0,0,,0,14,8,67,8.38,0,7,157,
2014,Greg Little,LittGr00,CIN,WR,25,6,1,0,0,0,0,0,0,0,,0,12,6,69,11.5,0,7,154,
2014,Erik Lorig,LoriEr99,NOR,RB,28,10,6,0,0,0,0,0,3,4,1.33,0,10,9,27,3,1,7,136,
2014,Cedric Peerman,PeerCe00,CIN,RB,28,16,0,0,0,0,0,0,15,43,2.87,0,5,3,27,9,0,7,137,
2014,Brandon Pettigrew,PettBr00,DET,TE,29,14,9,0,0,0,0,0,0,0,,0,15,10,70,7,0,7,75,
2014,Logan Thomas,ThomLo00,ARI,QB,23,2,0,1,9,81,1,0,0,0,,0,0,0,0,,0,7,56,
2014,George Winn,WinnGe00,DET,RB,24,12,0,0,0,0,0,0,19,73,3.84,0,3,0,0,,0,7,134,
2014,Danny Woodhead,WoodDa02,SDG,RB,29,3,0,0,0,0,0,0,15,38,2.53,0,6,5,34,6.8,0,7,135,
2014,Dri Archer,ArchDr00,PIT,WR,23,12,0,0,0,0,0,0,10,40,4,0,10,7,23,3.29,0,6,159,
2014,Brandon Bostick,BostBr00,GNB,TE,25,13,0,0,0,0,0,0,0,0,,0,4,2,3,1.5,1,6,77,
2014,Blaine Gabbert,GabbBl00,SFO,QB,25,1,0,3,7,38,1,0,1,5,5,0,0,0,0,,0,6,58,
2014,Jorvorskie Lane,LaneJo00,TAM,RB,27,9,4,0,0,0,0,0,3,58,19.33,0,1,1,3,3,0,6,138,
2014,Brock Osweiler,OsweBr00,DEN,QB,24,4,0,4,10,52,1,0,8,0,0,0,0,0,0,,0,6,57,
2014,Michael Palmer,PalmMi00,PIT,TE,26,15,1,0,0,0,0,0,0,0,,0,2,1,1,1,1,6,79,
2014,Bear Pascoe,PascBe00,ATL,TE,28,16,2,0,0,0,0,0,0,0,,0,2,2,3,1.5,1,6,76,
2014,John Phillips,PhilJo00,SDG,TE,27,16,1,0,0,0,0,0,0,0,,0,1,1,1,1,1,6,78,
2014,Russell Shepard,ShepRu00,TAM,WR,24,16,0,0,0,0,0,0,0,0,,0,8,4,63,15.75,0,6,158,
2014,Bryan Walters,WaltBr00,SEA,WR,27,13,0,0,0,0,0,0,1,-2,-2,0,11,6,57,9.5,0,6,160,
2014,James White,WhitJa02,NWE,RB,22,3,0,0,0,0,0,0,9,38,4.22,0,5,5,23,4.6,0,6,139,
2014,Seyi Ajirotutu,AjirSe00,SDG,WR,27,16,1,0,0,0,0,0,0,0,,0,12,4,45,11.25,0,5,166,
2014,Andre Caldwell,CaldAn00,DEN,WR,29,16,2,0,0,0,0,0,0,0,,0,15,5,47,9.4,0,5,164,
2014,Garrett Celek,CeleGa00,SFO,TE,26,3,1,0,0,0,0,0,0,0,,0,2,2,53,26.5,0,5,80,
2014,James Develin,DeveJa00,NWE,RB,26,16,4,0,0,0,0,0,3,5,1.67,0,8,6,43,7.17,0,5,141,
2014,Kris Durham,DurhKr00,TEN,WR,26,4,0,0,0,0,0,0,0,0,,0,11,6,54,9,0,5,161,
2014,Marquise Goodwin,GoodMa00,BUF,WR,24,10,0,0,0,0,0,0,3,8,2.67,0,9,1,42,42,0,5,163,
2014,Frankie Hammond,HammFr00,KAN,WR,24,16,3,0,0,0,0,0,0,0,,0,11,4,45,11.25,0,5,167,
2014,James Hanna,HannJa00,DAL,TE,25,16,12,0,0,0,0,0,0,0,,0,6,4,48,12,0,5,81,
2014,Jeff Maehl,MaehJe00,PHI,WR,25,8,0,0,0,0,0,0,0,0,,0,5,5,46,9.2,0,5,165,
2014,Matt McGloin,McGlMa01,OAK,QB,25,1,0,12,19,129,1,2,2,3,1.5,0,0,0,0,,0,5,59,
2014,Kevin Ogletree,OgleKe00,NYG,WR,27,7,0,0,0,0,0,0,0,0,,0,9,5,50,10,0,5,162,
2014,Trey Watts,WattTr00,STL,RB,23,14,0,0,0,0,0,0,7,30,4.29,0,4,3,18,6,0,5,140,
2014,Michael Cox,CoxxMi00,NYG,RB,26,4,0,0,0,0,0,0,4,33,8.25,0,3,2,9,4.5,0,4,142,
2014,Aaron Dobson,DobsAa00,NWE,WR,23,4,1,0,0,0,0,0,0,0,,0,5,3,38,12.67,0,4,169,
2014,Tyler Eifert,EifeTy00,CIN,TE,24,1,1,0,0,0,0,0,0,0,,0,3,3,37,12.33,0,4,86,
2014,Michael Hoomanawanui,HoomMi00,NWE,TE,26,16,12,0,0,0,0,0,0,0,,0,6,3,44,14.67,0,4,82,
2014,Jerrel Jernigan,JernJe00,NYG,WR,25,2,1,0,0,0,0,0,1,-2,-2,0,9,6,40,6.67,0,4,168,
2014,Will Johnson,JohnWi00,PIT,RB,25,16,5,0,0,0,0,0,2,0,0,0,9,6,41,6.83,0,4,143,
2014,Troy Niklas,NiklTr00,ARI,TE,22,7,2,0,0,0,0,0,0,0,,0,3,3,38,12.67,0,4,85,
2014,Quinton Patton,PattQu00,SFO,QB,24,4,0,0,0,0,0,0,1,20,20,0,8,3,44,14.67,0,4,60,
2014,Ace Sanders,SandAc00,JAX,WR,23,12,0,0,0,0,0,0,0,0,,0,7,6,55,9.17,0,4,170,
2014,Connor Shaw,ShawCo00,CLE,QB,23,1,1,14,28,177,0,1,7,9,1.29,0,0,0,0,,0,4,61,
2014,Luke Stocker,StocLu00,TAM,TE,26,13,7,0,0,0,0,0,0,0,,0,11,7,41,5.86,0,4,84,
2014,Fitzgerald Toussaint,TousFi00,BAL,RB,24,4,0,0,0,0,0,0,6,12,2,0,6,3,27,9,0,4,144,
2014,Brandon Williams,WillBr04,CAR,TE,27,14,0,0,0,0,0,0,0,0,,0,8,4,44,11,0,4,83,
2014,Tommy Bohanon,BohaTo00,NYJ,RB,24,4,2,0,0,0,0,0,1,3,3,0,2,2,30,15,0,3,145,
2014,Ryan Broyles,BroyRy00,DET,WR,26,5,0,0,0,0,0,0,0,0,,0,5,2,25,12.5,0,3,172,
2014,Jerome Felton,FeltJe00,MIN,RB,28,16,3,0,0,0,0,0,4,27,6.75,0,2,0,0,,0,3,148,
2014,Mike James,JameMi00,TAM,RB,23,11,0,0,0,0,0,0,19,37,1.95,0,1,1,-5,-5,0,3,146,
2014,DeVier Posey,PoseDe00,HOU,WR,25,1,1,0,0,0,0,0,0,0,,0,1,1,30,30,0,3,171,
2014,Alfonso Smith,SmitAl22,SFO,RB,27,6,0,0,0,0,0,0,7,19,2.71,0,4,3,11,3.67,0,3,147,
2014,Craig Stevens,StevCr00,TEN,TE,30,5,4,0,0,0,0,0,0,0,,0,2,2,26,13,0,3,88,
2014,Phillip Supernaw,SupePh00,2TM,TE,24,8,1,0,0,0,0,0,0,0,,0,3,3,30,10,0,3,87,
2014,Ray Agnew,AgneRa00,CLE,RB,23,12,9,0,0,0,0,0,2,2,1,0,9,3,15,5,0,2,153,
2014,Jarrett Boykin,BoykJa00,GNB,WR,25,13,3,0,0,0,0,0,0,0,,0,12,3,23,7.67,0,2,174,
2014,Cameron Brate,BratCa00,TAM,TE,23,5,1,0,0,0,0,0,0,0,,0,1,1,17,17,0,2,93,
2014,Kevin Brock,BrocKe00,CIN,TE,28,14,2,0,0,0,0,0,0,0,,0,6,5,21,4.2,0,2,90,
2014,Shaun Draughn,DrauSh00,3TM,RB,27,10,0,0,0,0,0,0,10,19,1.9,0,0,0,0,,0,2,152,
2014,Demetrius Harris,HarrDe03,KAN,TE,23,8,3,0,0,0,0,0,0,0,,0,5,3,20,6.67,0,2,92,
2014,Josh Harris,HarrJo04,PIT,RB,23,5,0,0,0,0,0,0,9,16,1.78,0,0,0,0,,0,2,154,
2014,Gator Hoskins,HoskHa00,MIA,TE,23,11,0,0,0,0,0,0,0,0,,0,4,3,21,7,0,2,91,
2014,Jeff Janis,JaniJe00,GNB,WR,23,3,0,0,0,0,0,0,0,0,,0,2,2,16,8,0,2,177,
2014,Cody Latimer,LatiCo00,DEN,WR,22,8,0,0,0,0,0,0,0,0,,0,4,2,23,11.5,0,2,173,
2014,Brian Leonard,LeonBr00,NOR,RB,30,1,0,0,0,0,0,0,0,0,,0,1,1,15,15,0,2,155,
2014,Ryan Nassib,NassRy00,NYG,QB,24,4,0,4,5,60,0,0,2,-3,-1.5,0,0,0,0,,0,2,62,
2014,Solomon Patton,PattSo01,2TM,WR,24,13,0,0,0,0,0,0,1,19,19,0,0,0,0,,0,2,175,
2014,Jay Prosch,ProsJa00,HOU,RB,22,16,5,0,0,0,0,0,0,0,,0,4,1,24,24,0,2,149,
2014,Matt Simms,SimmMa00,NYJ,QB,26,1,0,3,8,39,0,0,1,2,2,0,0,0,0,,0,2,63,
2014,Jeremy Stewart,StewJe00,DEN,RB,25,6,0,0,0,0,0,0,6,22,3.67,0,0,0,0,,0,2,150,
2014,Devin Street,StreDe00,DAL,WR,23,16,0,0,0,0,0,0,0,0,,0,7,2,18,9,0,2,176,
2014,Taylor Thompson,ThomTa00,TEN,TE,25,3,1,0,0,0,0,0,0,0,,0,4,2,24,12,0,2,89,
2014,Joe Webb,WebbJo00,CAR,QB,28,7,0,0,0,0,0,0,0,0,,0,3,1,16,16,0,2,64,
2014,Antonio Andrews,AndrAn00,TEN,RB,22,4,0,0,0,0,0,0,0,0,,0,2,2,11,5.5,0,1,157,
2014,David Ausberry,AusbDa00,OAK,TE,27,6,0,0,0,0,0,0,0,0,,0,4,2,14,7,0,1,94,
2014,Trey Burton,BurtTr01,PHI,TE,23,15,0,0,0,0,0,0,5,10,2,0,0,0,0,,0,1,96,
2014,Jason Campbell,CampJa00,CIN,QB,33,4,0,11,19,74,0,0,1,1,1,0,0,0,0,,0,1,65,
2014,Josh Cribbs,CribJo01,IND,RB,31,6,0,0,0,0,0,0,0,0,,0,1,1,8,8,0,1,159,
2014,Darrius Heyward-Bey,HeywDa00,PIT,WR,27,16,1,0,0,0,0,0,0,0,,0,5,3,33,11,0,1,180,
2014,Henry Hynoski,HynoHe01,NYG,RB,26,16,4,0,0,0,0,0,7,13,1.86,0,0,0,0,,0,1,156,
2014,LaMichael James,JameLa00,2TM,RB,25,3,0,0,0,0,0,0,5,9,1.8,0,1,0,0,,0,1,158,
2014,Marcel Jensen,JensMa01,JAX,TE,24,1,0,0,0,0,0,0,0,0,,0,1,1,8,8,0,1,97,
2014,Tavarres King,KingTa00,TAM,WR,24,2,0,0,0,0,0,0,0,0,,0,3,2,13,6.5,0,1,179,
2014,Vance McDonald,McDoVa00,SFO,TE,24,8,4,0,0,0,0,0,0,0,,0,8,2,30,15,0,1,95,
2014,Matt Moore,MoorMa01,MIA,QB,30,2,0,2,4,21,0,0,2,-2,-1,0,0,0,0,,0,1,66,
2014,Aldrick Robinson,RobiAl00,2TM,WR,26,7,0,0,0,0,0,0,0,0,,0,,1,6,6,0,1,184,
2014,Courtney Roby,RobyCo00,ATL,WR,31,4,0,0,0,0,0,0,0,0,,0,2,1,11,11,0,1,181,
2014,Brad Smith,SmitBr01,PHI,WR,31,13,0,0,0,0,0,0,0,0,,0,3,1,11,11,0,1,182,
2014,Micheal Spurlock,SpurMi00,CHI,WR,31,1,0,0,0,0,0,0,0,0,,0,3,1,8,8,0,1,183,
2014,Will Tukuafu,TukuWi00,SEA,RB,30,9,2,0,0,0,0,0,1,2,2,0,2,1,4,4,0,1,160,
2014,Damian Williams,WillDa04,2TM,WR,26,3,0,0,0,0,0,0,0,0,,0,1,1,14,14,0,1,178,
2014,T.J. Yates,YateT.00,ATL,QB,27,1,0,3,4,64,0,1,0,0,,0,0,0,0,,0,1,67,
2014,Edwin Baker,BakeEd01,NOR,RB,23,3,0,0,0,0,0,0,1,2,2,0,0,0,0,,0,,161,
2014,Matt Barkley,BarkMa00,PHI,QB,24,1,0,0,1,0,0,0,3,0,0,0,0,0,0,,0,,73,
2014,Kellen Clemens,ClemKe00,SDG,QB,31,2,0,1,3,10,0,0,0,0,,0,0,0,0,,0,,69,
2014,Tyler Clutts,ClutTy00,DAL,RB,30,16,1,0,0,0,0,0,0,0,,0,1,1,1,1,0,,162,
2014,Kevin Dorsey,DorsKe01,GNB,WR,24,3,0,0,0,0,0,0,0,0,,0,2,1,4,4,0,,185,
2014,Bruce Gradkowski,GradBr00,PIT,QB,31,1,0,0,0,0,0,0,2,-2,-1,0,0,0,0,,0,,74,
2014,Tarvaris Jackson,JackTa00,SEA,QB,31,1,0,1,1,0,0,0,0,0,,0,0,0,0,,0,,72,
2014,David Johnson,JohnDa05,SDG,TE,27,14,2,0,0,0,0,0,0,0,,0,,1,4,4,0,,98,
2014,Jordan Palmer,PalmJo20,TEN,QB,30,1,0,1,3,7,0,0,1,-1,-1,0,0,0,0,,0,,70,
2014,Jalen Parmele,ParmJa00,ARI,RB,29,1,0,0,0,0,0,0,1,0,0,0,0,0,0,,0,,171,
2014,Senorise Perry,PerrSe00,CHI,RB,23,16,0,0,0,0,0,0,0,0,,0,1,1,-1,-1,0,,172,
2014,De'Andre Presley,PresDe00,CAR,WR,24,4,0,0,0,0,0,0,1,-2,-2,0,1,0,0,,0,,208,
2014,Tom Savage,SavaTo00,HOU,QB,24,2,0,10,19,127,0,1,6,-6,-1,0,0,0,0,,0,,68,
2014,Tyrod Taylor,TaylTy00,BAL,QB,25,1,0,0,0,0,0,0,4,-3,-0.75,0,0,0,0,,0,,75,
2014,Griff Whalen,WhalGr00,IND,WR,24,10,0,0,0,0,0,0,0,0,,0,3,2,23,11.5,0,,186,
2014,Pat O'Donnell,ODonPa00,CHI,WR,23,16,0,0,0,0,0,0,1,-12,-12,0,0,0,0,,0,-1,211,
2014,Jalen Saunders,SaunJa00,2TM,WR,22,9,0,0,0,0,0,0,0,0,,0,1,1,7,7,0,-1,212,
2014,Chris Williams,WillCh03,CHI,WR,27,6,6,0,0,0,0,0,1,-8,-8,0,,0,0,,0,-1,209,
2014,Chris Williams,WillCh25,2TM,WR,27,10,3,0,0,0,0,0,1,-8,-8,0,0,0,0,,0,-1,210,
2014,Matt Flynn,FlynMa00,GNB,QB,29,7,0,8,16,66,0,1,10,-10,-1,0,0,0,0,,0,-2,76,
2014,Tauren Poole,PoolTa00,3TM,RB,25,3,0,0,0,0,0,0,1,0,0,0,0,0,0,,0,-2,173,
2014,Matt Schaub,SchaMa00,OAK,QB,33,11,0,5,10,57,0,2,0,0,,0,0,0,0,,0,-4,77,
